dataset,foundation_rmse,foundation_router_rmse,foundation_crossfit_rmse,router_delta_vs_foundation,crossfit_delta_vs_foundation,router_foundation_weight,router_foundation_top1_share,crossfit_foundation_weight,crossfit_foundation_top1_share,router_best_internal_weight_name,crossfit_best_internal_weight_name
airfoil_self_noise,1.2741994519117468,1.3015555519381308,1.2936146562246507,0.027356100026384,0.019415204312904038,0.4083832292174654,0.8290086493679308,0.37659997017638963,0.9241516966067863,LOWRANK,LOWRANK
concrete_compressive_strength,4.33058569281333,4.4880158456490635,4.469010875698639,0.15743015283573403,0.13842518288530906,0.450428410465163,0.31972789115646255,0.42616114215115614,0.3236151603498542,FULL,FULL
diamonds,523.7256444008552,525.3961010688436,527.1450090194926,1.6704566679883708,3.41936461863736,0.4313594310069619,0.8167222840192806,0.46334764220236263,0.9594920281794588,FULL,FULL
healthcare_insurance_expenses,4540.593845806484,4494.0550662056985,4495.704857145059,-46.53877960078535,-44.88898866142487,0.28718028389442246,0.08295964125560538,0.2440986720892752,0.11285500747384154,FULL,GEO
houses,0.20372482672173634,0.1974044113269823,0.19743442180018242,-0.0063204153947540405,-0.0062904049215539255,0.3792517163949592,0.5311046511627907,0.3686116089084179,0.5662306201550388,FULL,FULL
miami_housing,80132.04831498153,80750.90438635247,80721.82086997059,618.8560713709497,589.7725549890553,0.649937510305218,0.4636324041811846,0.6676384255636897,0.3743466898954704,FULL,FULL
used_fiat_500,732.0692192161531,735.7657108852245,735.7735168356161,3.6964916690713685,3.7042976194629773,0.29184476055435754,0.3255360623781676,0.22085122664212653,0.16439246263807666,FULL,GEO
wine_quality,0.6465079141453643,0.6476587671785087,0.6476228839344316,0.0011508530331443279,0.0011149697890672217,0.5292545724883628,0.6623556581986143,0.5310969020785029,0.6198664076422165,FULL,GEO
