Dataset,GraphDrone_FULL,GraphDrone_FOUNDATION,GraphDrone_router,GraphDrone_crossfit,GraphDrone_foundation_router,GraphDrone_foundation_crossfit,GraphDrone_trust_gate,TabPFN,TabR,TabM,Best
airfoil_self_noise,1.3248322284897014,1.2741994519117468,1.3538360703451302,1.3450354883654034,1.3015555519381308,1.2936146562246509,1.3076274805502968,1.2741994519117468,1.6993157517735489,1.415266427727518,GraphDrone_FOUNDATION
concrete_compressive_strength,4.369463697318388,4.33058569281333,4.544002308184698,4.507520549562343,4.488015845649064,4.469010875698639,4.347022746680807,4.33058569281333,5.4709398300251495,5.145187561273997,GraphDrone_FOUNDATION
diamonds,528.8254797876775,523.7256444008552,539.3399206369817,539.5251310008222,525.3961010688436,527.1450090194926,527.8275185467638,523.7256444008552,546.1741101231255,532.091523274754,GraphDrone_FOUNDATION
healthcare_insurance_expenses,4510.719890139697,4540.593845806484,4478.738177024402,4481.8107812456,4494.0550662056985,4495.704857145059,4502.856208348671,4540.593845806484,4978.052786937234,4591.850521717975,GraphDrone_router
houses,0.2028025956859187,0.2037248267217363,0.1982735658586751,0.198311193738361,0.1974044113269823,0.1974344218001824,0.1987923005624582,0.2037248267217363,0.204759367466815,0.2290329448864835,GraphDrone_foundation_router
miami_housing,81717.84032584829,80132.04831498153,82489.37234849906,82255.57438184042,80750.90438635247,80721.82086997059,82255.56507790372,80132.04831498153,89187.98946581986,89375.86043810098,GraphDrone_FOUNDATION
used_fiat_500,735.3960965761538,732.0692192161531,757.3655376557281,759.5949375937453,735.7657108852245,735.7735168356161,739.6910053847536,732.0692192161531,780.3606453831808,767.5874739130683,GraphDrone_FOUNDATION
wine_quality,0.6494237300640903,0.6465079141453643,0.6507058621491608,0.65093250731108,0.6476587671785087,0.6476228839344316,0.6492302827968565,0.6465079141453643,0.6597753000445946,0.6747514565048459,GraphDrone_FOUNDATION
