dataset,task_id,n_total,n_features,n_classes,tabpfn_f1_macro,tabpfn_auc_roc,tabpfn_pr_auc,tabpfn_time,gd_base_f1_macro,gd_base_auc_roc,gd_base_pr_auc,gd_base_time,gd_base_defer_rate,gd_hyper_f1_macro,gd_hyper_auc_roc,gd_hyper_pr_auc,gd_hyper_time,gd_hyper_defer_rate
segment,146212,1000,9,7,0.2,,0.4181114824540228,10.39,0.6957446808510638,,0.8006666666666666,1.1,0.0,0.6957446808510638,,0.8006666666666666,1.94,5.095366191198991e-07
mfeat-factors,12,1000,216,10,0.9851959953551142,0.9995555555555555,0.9966080108626212,0.73,0.9802099056271072,0.9991944444444444,0.9940551328831129,2.29,0.0,0.9802099056271072,0.9991944444444444,0.9940551328831129,2.36,2.3368889288943873e-12
pendigits,32,1000,16,10,0.9904545454545455,0.999973397180101,0.9997835497835498,0.23,0.9904545454545455,0.9999467943602023,0.9995859213250518,0.97,0.0,0.9904545454545455,0.9999467943602023,0.9995859213250518,1.13,2.1783627346394496e-07
optdigits,28,1000,64,10,0.9602103993567409,0.9995555555555555,0.9964599567099567,0.31,0.9700906346541777,0.9995833333333334,0.996808698547829,1.18,0.0,0.9700906346541777,0.9995833333333334,0.996808698547829,1.3,4.057946478841501e-10
