model,val_rmse,test_rmse,val_mae,test_mae,notes
P0_FULL,0.41873307620907957,0.3921577898299722,0.2497040182352066,0.24406379461288452,single-view TabPFN expert
P0_GEO,0.5447949497520277,0.5305949267524814,0.3536604344844818,0.3522301912307739,single-view TabPFN expert
P0_SOCIO,0.7129838856351415,0.6753477569442851,0.49877163767814636,0.4771873950958252,single-view TabPFN expert
P0_LOWRANK,0.596683858054612,0.5687957609023366,0.3926965594291687,0.38016262650489807,single-view TabPFN expert
P0_uniform,0.47409640561225597,0.4396161772976391,0.3069950342178345,0.29276466369628906,uniform mean over four TabPFN view experts
P0_sigma2,0.474825617502699,0.4394894224647297,0.30579933524131775,0.2908887565135956,inverse-sigma2 routing over view experts
P0_router,0.40456915638393726,0.3784018039327189,0.24585594236850739,0.23953068256378174,softmax router on sigma2_v + J_flat + mean_J (best_epoch=338)
