{
  "smoke": true,
  "train_config": {
    "batch_size": 256,
    "max_epochs": 8,
    "patience": 4,
    "lr": 0.000872489003621806,
    "weight_decay": 0.03777165108799435,
    "seed": 0,
    "smoke": true
  },
  "decoder_config": {
    "n_num_features": 8,
    "k": 32,
    "d_block": 400,
    "n_blocks": 3,
    "dropout": 0.20769705860329654
  },
  "results": [
    {
      "model": "C2a_TabM_mean_heads",
      "best_epoch": 7,
      "duration_seconds": 12.236,
      "train": {
        "rmse": 0.574741048138343,
        "mae": 0.40753981471061707,
        "r2": 0.7541594505310059,
        "score": -0.574741048138343
      },
      "val": {
        "rmse": 0.6385239829456074,
        "mae": 0.43760761618614197,
        "r2": 0.6991065740585327,
        "score": -0.6385239829456074
      },
      "test": {
        "rmse": 0.5819768944263453,
        "mae": 0.4150567650794983,
        "r2": 0.7529745101928711,
        "score": -0.5819768944263453
      },
      "diagnostics": {
        "train_head_prediction_std": 0.6594119668006897,
        "val_head_prediction_std": 0.6744714975357056,
        "test_head_prediction_std": 0.6612194180488586
      }
    },
    {
      "model": "C2b_TabM_gated_heads",
      "best_epoch": 7,
      "duration_seconds": 12.214,
      "train": {
        "rmse": 0.5777283931935772,
        "mae": 0.40579739212989807,
        "r2": 0.7515971660614014,
        "score": -0.5777283931935772
      },
      "val": {
        "rmse": 0.6298455279057137,
        "mae": 0.4252362847328186,
        "r2": 0.7072300910949707,
        "score": -0.6298455279057137
      },
      "test": {
        "rmse": 0.5879256532695528,
        "mae": 0.4130570590496063,
        "r2": 0.7478986978530884,
        "score": -0.5879256532695528
      },
      "diagnostics": {
        "train_gate_entropy": 3.3960766792297363,
        "train_gate_top1_mass": 0.05799905210733414,
        "train_head_prediction_std": 0.7057037353515625,
        "val_gate_entropy": 3.392432689666748,
        "val_gate_top1_mass": 0.05873239040374756,
        "val_head_prediction_std": 0.7233591675758362,
        "test_gate_entropy": 3.3961236476898193,
        "test_gate_top1_mass": 0.05801109969615936,
        "test_head_prediction_std": 0.7083674669265747
      }
    }
  ]
}
