model,metric,current,reference,delta,status
B1_HGBR,accuracy,0.8733333333333333,0.958,-0.08466666666666667,SMOKE_ONLY
G2_ref,accuracy,0.49333333333333335,0.93,-0.4366666666666667,SMOKE_ONLY
G10_ref,accuracy,0.64,0.938,-0.29799999999999993,SMOKE_ONLY
