model,metric,current,reference,delta,status
B1_HGBR,accuracy,0.9573333333333334,0.958,-0.0006666666666665932,MATCH
G2_ref,accuracy,0.9293333333333333,0.93,-0.0006666666666667043,MATCH
G10_ref,accuracy,0.932,0.938,-0.005999999999999894,MATCH
