model,regime,kappa_lo,kappa_hi,n,accuracy
MN_v4a,low,0.17621262209320068,0.47939087947209674,500,0.93
MN_v4a,medium,0.47939087947209674,0.5319017569224039,500,0.932
MN_v4a,high,0.5319017569224039,0.6742443905601502,500,0.938
