head_idx,routing_entropy,dominant_view,mean_pi_FULL,top1_freq_FULL,mean_pi_BLOCK,top1_freq_BLOCK,mean_pi_PCA,top1_freq_PCA,mean_beta,beta_std,tau,model
0,0.7284597348389543,PCA,0.2247280478477478,0.09133333333333334,0.20080362260341644,0.15066666666666667,0.5744680762290955,0.758,0.7441316843032837,0.18002499639987946,0.9850292801856995,MN_v4b
1,0.6140982776776984,PCA,0.4031881093978882,0.386,0.12768274545669556,0.098,0.4691285490989685,0.516,0.7689762115478516,0.19606173038482666,1.0092436075210571,MN_v4b
2,0.4677270536972486,PCA,0.1030534878373146,0.0,0.15095652639865875,0.11666666666666667,0.7459897994995117,0.8833333333333333,0.6996402740478516,0.20340438187122345,0.9831994771957397,MN_v4b
3,0.6503286094534234,FULL,0.5516088604927063,0.5806666666666667,0.14674422144889832,0.116,0.30164727568626404,0.30333333333333334,0.7517728805541992,0.17494259774684906,0.9818449020385742,MN_v4b
