head_idx,routing_entropy,dominant_view,mean_pi_FULL,top1_freq_FULL,mean_pi_BLOCK,top1_freq_BLOCK,mean_pi_PCA,top1_freq_PCA,mean_beta,beta_std,tau,model
0,0.9945181448121982,PCA,0.30846795439720154,0.0,0.30977919697761536,0.0,0.381752610206604,1.0,0.5177875757217407,0.011229577474296093,1.0036540031433105,MN_v4b
1,0.994234176833711,PCA,0.3454393446445465,0.12,0.28516241908073425,0.0,0.3693981170654297,0.88,0.4932444393634796,0.008870605379343033,1.0010119676589966,MN_v4b
2,0.9893418328344534,PCA,0.29026612639427185,0.0,0.30623364448547363,0.0,0.40350037813186646,1.0,0.4656777083873749,0.008461973629891872,1.004102349281311,MN_v4b
3,0.9968458792694049,BLOCK,0.33585837483406067,0.04,0.36403751373291016,0.96,0.3001040518283844,0.0,0.5073596239089966,0.009927287697792053,0.9962773323059082,MN_v4b
