head_idx,routing_entropy,dominant_view,mean_pi_FULL,top1_freq_FULL,mean_pi_BLOCK,top1_freq_BLOCK,mean_pi_PCA,top1_freq_PCA,mean_beta,beta_std,tau,model
0,0.9837951797368854,PCA,0.28115907311439514,0.0,0.30244123935699463,0.0,0.41639965772628784,1.0,0.5456943511962891,0.03453700244426727,1.0035573244094849,MN_v4a
1,0.9891969733574643,PCA,0.28023433685302734,0.0,0.3223362863063812,0.06,0.39742937684059143,0.94,0.5751198530197144,0.021714767441153526,0.9995381236076355,MN_v4a
2,0.9949229917849671,PCA,0.2901296317577362,0.0,0.3417418599128723,0.13333333333333333,0.3681285083293915,0.8666666666666667,0.512830376625061,0.017160283401608467,0.9989238381385803,MN_v4a
3,0.9974303085900517,BLOCK,0.31800365447998047,0.18,0.3616545498371124,0.82,0.3203418254852295,0.0,0.534252941608429,0.03532484546303749,0.9993645548820496,MN_v4a
