head_idx,routing_entropy,dominant_view,mean_pi_FULL,top1_freq_FULL,mean_pi_BLOCK,top1_freq_BLOCK,mean_pi_PCA,top1_freq_PCA,mean_beta,beta_std,tau,model
0,0.9925911339868425,FULL,0.39236772060394287,1.0,0.2923215627670288,0.0,0.31531083583831787,0.0,0.5022115111351013,0.004502701573073864,0.9954100847244263,MN_v4d
1,0.9982492257981692,BLOCK,0.31754258275032043,0.0,0.3617193400859833,1.0,0.3207380771636963,0.0,0.6289412975311279,0.009748208336532116,0.9990743398666382,MN_v4d
2,0.9841232023578128,PCA,0.27867060899734497,0.0,0.2998136878013611,0.0,0.4215157926082611,1.0,0.6084528565406799,0.00848808791488409,1.0062733888626099,MN_v4d
3,0.9896545556903955,PCA,0.3645628094673157,0.18,0.2643793523311615,0.0,0.3710579574108124,0.82,0.5731719732284546,0.00535389082506299,1.0053094625473022,MN_v4d
