model,rmse,mae,r2
A_posthoc,0.4407045137072105,0.30286067724227905,0.8531203866004944
B_router,0.4417852277088933,0.30376961827278137,0.8523991107940674
