model,accuracy,macro_f1,log_loss
A_posthoc,0.9466666666666667,0.9463155947807342,0.21504479838615428
B_router,0.9373333333333334,0.9370096118010119,0.23524260101221595
