model,rmse,mae,r2,best_epoch,stop_epoch,collapsed
B1_HGBR,0.6627082824707031,0.46811503171920776,0.7287524606475734,—,—,
A0_ref,1.2655175924301147,1.0242043733596802,0.010860833590686236,4,4,True
A1_head_gated,1.2759772539138794,1.0371310710906982,-0.0055574068416228695,4,4,True
