model,mean_beta,mean_pi_FULL,mean_pi_GEO,mean_pi_SOCIO,mean_pi_LOWRANK,mean_gate_h0,mean_gate_h1,mean_gate_h2,mean_gate_h3,gate_entropy
A0_ref,0.5068451166152954,0.2691227197647095,0.23031236231327057,0.25144001841545105,0.2491249144077301,,,,,
A1_head_gated,0.5107080340385437,0.2676900029182434,0.23030805587768555,0.2519475519657135,0.25005438923835754,0.22279226779937744,0.2671588957309723,0.2527416944503784,0.25730714201927185,1.3830666542053223
