head_idx,entropy,dominant_view,mean_pi_FULL,top1_freq_FULL,mean_pi_GEO,top1_freq_GEO,mean_pi_SOCIO,top1_freq_SOCIO,mean_pi_LOWRANK,top1_freq_LOWRANK
0,0.8882039785385132,GEO,0.0787348747253418,0.0,0.7203187942504883,0.9544573643410853,0.06908794492483139,0.0229328165374677,0.13185811042785645,0.02260981912144703
1,0.7383045554161072,GEO,0.08067750930786133,0.0035529715762273903,0.7916990518569946,0.9654392764857881,0.056243397295475006,0.02422480620155039,0.0713791698217392,0.006782945736434108
2,0.7991514205932617,GEO,0.08139181137084961,0.0,0.7650958895683289,0.9686692506459949,0.059395868331193924,0.03133074935400517,0.09411638975143433,0.0
3,0.9362635612487793,GEO,0.09188959747552872,0.0006459948320413437,0.6803405284881592,0.916343669250646,0.04846600443124771,0.002583979328165375,0.17930421233177185,0.08042635658914729
