head_idx,entropy,dominant_view,mean_pi_FULL,top1_freq_FULL,mean_pi_GEO,top1_freq_GEO,mean_pi_SOCIO,top1_freq_SOCIO,mean_pi_LOWRANK,top1_freq_LOWRANK
0,0.9369239807128906,GEO,0.09160248935222626,0.015180878552971577,0.6917483806610107,0.9680232558139535,0.0642130970954895,0.016795865633074936,0.15243689715862274,0.0
1,0.9771697521209717,GEO,0.19736625254154205,0.11175710594315245,0.657194972038269,0.8685400516795866,0.06904436647891998,0.01970284237726098,0.07639460265636444,0.0
2,0.9993007183074951,GEO,0.10276642441749573,0.0642764857881137,0.6630744934082031,0.9337855297157622,0.08446305245161057,0.0,0.14969609677791595,0.001937984496124031
3,0.7663260102272034,GEO,0.11011151224374771,0.0436046511627907,0.7759071588516235,0.9305555555555556,0.05600406229496002,0.0,0.05797811970114708,0.025839793281653745
