head_idx,entropy,dominant_view,mean_pi_FULL,top1_freq_FULL,mean_pi_GEO,top1_freq_GEO,mean_pi_SOCIO,top1_freq_SOCIO,mean_pi_LOWRANK,top1_freq_LOWRANK
0,0.9400495886802673,GEO,0.09226299822330475,0.015180878552971577,0.6899614930152893,0.9680232558139535,0.06432396918535233,0.016795865633074936,0.15345129370689392,0.0
1,0.9775172472000122,GEO,0.1974550038576126,0.11272609819121447,0.6569938063621521,0.8682170542635659,0.06904343515634537,0.01905684754521964,0.07650735229253769,0.0
2,1.0000925064086914,GEO,0.10307125747203827,0.06459948320413436,0.6626245975494385,0.9334625322997416,0.08447625488042831,0.0,0.1498286873102188,0.001937984496124031
3,0.7678364515304565,GEO,0.11050128936767578,0.044573643410852716,0.7752300500869751,0.9302325581395349,0.05618072301149368,0.0,0.05808847025036812,0.025193798449612403
