head_idx,entropy,dominant_view,mean_pi_FULL,top1_freq_FULL,mean_pi_BLOCK,top1_freq_BLOCK,mean_pi_PCA,top1_freq_PCA
0,1.0035228729248047,PCA,0.33046871423721313,0.037333333333333336,0.16072861850261688,0.19266666666666668,0.5088024139404297,0.77
1,1.0229254961013794,FULL,0.429995596408844,0.792,0.16133655607700348,0.108,0.40866804122924805,0.1
2,0.9882417917251587,PCA,0.2927995026111603,0.0,0.164509579539299,0.184,0.542690634727478,0.816
3,0.9129527807235718,PCA,0.23726876080036163,0.0,0.14095439016819,0.09733333333333333,0.6217764019966125,0.9026666666666666
