model,accuracy,macro_f1,log_loss
B1_HGBR,0.958,0.9576788610249013,0.18821603088670616
B2_TabPFN,,,
G2_GoRA_v1,0.93,0.9293864109040595,0.25899643322211413
G7_RichCtx,0.9266666666666666,0.9257917630921744,0.27547338938344423
G8_LabelCtx,0.9306666666666666,0.9300028421310422,0.2726806053806933
G9_Teacher,0.9346666666666666,0.934019633489708,0.27986104620786006
G10_Full,0.938,0.9373671668468508,0.23716260986985457
