model,metric,current,reference,delta,status
B1_HGBR,rmse,0.6284814193455408,0.4432922009906094,0.1851892183549314,SMOKE_ONLY
G2_ref,rmse,2.317956723965317,0.4546429759770185,1.8633137479882986,SMOKE_ONLY
G10_ref,rmse,2.3230833213337156,0.5209055627965608,1.8021777585371548,SMOKE_ONLY
