model,regime,kappa_lo,kappa_hi,n,rmse
CA_v4d,low,0.00023199455642700196,0.26650402943293255,1032,0.5999201612203396
CA_v4d,medium,0.26650402943293255,0.31040336688359577,1032,0.5196975212484338
CA_v4d,high,0.31040336688359577,0.43268804414367673,1032,0.5008241893908946
