model,regime,kappa_lo,kappa_hi,n,rmse
CA_v4a,low,0.00023199455642700196,0.26650402943293255,1032,0.5112953472778524
CA_v4a,medium,0.26650402943293255,0.31040336688359577,1032,0.46703308704942753
CA_v4a,high,0.31040336688359577,0.43268804414367673,1032,0.4340987829831491
