model,regime,kappa_lo,kappa_hi,n,rmse
CA_v4b,low,0.00023199455642700196,0.26650402943293255,1032,0.6264958362836764
CA_v4b,medium,0.26650402943293255,0.31040336688359577,1032,0.5368303163560716
CA_v4b,high,0.31040336688359577,0.43268804414367673,1032,0.5410669901457617
