model,regime,kappa_lo,kappa_hi,n,rmse
CA_v4c,low,0.00023199455642700196,0.26650402943293255,1032,0.5596776729468622
CA_v4c,medium,0.26650402943293255,0.31040336688359577,1032,0.5231609752777275
CA_v4c,high,0.31040336688359577,0.43268804414367673,1032,0.5145713849810517
