model,regime,kappa_lo,kappa_hi,n,rmse
CA_v4e,low,0.00023199455642700196,0.26650402943293255,1032,0.5861473470663462
CA_v4e,medium,0.26650402943293255,0.31040336688359577,1032,0.5121426755551786
CA_v4e,high,0.31040336688359577,0.43268804414367673,1032,0.49198729363854893
