model,regime,kappa_lo,kappa_hi,n,rmse
CA_v4c,low,0.004263414310455322,0.26244187355041504,67,1.6405488496092098
CA_v4c,medium,0.26244187355041504,0.2985827922821045,66,1.469829649494153
CA_v4c,high,0.2985827922821045,0.41119174821472165,67,1.0834637465597328
