head_idx,routing_entropy,dominant_view,mean_pi_FULL,top1_freq_FULL,mean_pi_GEO,top1_freq_GEO,mean_pi_SOCIO,top1_freq_SOCIO,mean_pi_LOWRANK,top1_freq_LOWRANK,mean_beta,beta_std,tau,model
0,0.4546903550865191,GEO,0.10305457562208176,0.013242894056847546,0.7781763076782227,0.9589793281653747,0.06696990132331848,0.01744186046511628,0.051799315959215164,0.0103359173126615,0.28317582607269287,0.12589097023010254,0.9028384685516357,CA_v4a
1,0.6001286016758839,GEO,0.12930788099765778,0.07751937984496124,0.6737795472145081,0.8762919896640827,0.06593460589647293,0.011304909560723515,0.1309780478477478,0.03488372093023256,0.17181561887264252,0.11957353353500366,0.8740309476852417,CA_v4a
2,0.7860079236806973,GEO,0.2501363754272461,0.17474160206718345,0.4101290702819824,0.6198320413436692,0.07557141780853271,0.001614987080103359,0.2641640305519104,0.20381136950904394,0.10559650510549545,0.08850971609354019,1.0329543352127075,CA_v4a
3,0.46271025006155364,GEO,0.09138625115156174,0.05555555555555555,0.7654311656951904,0.9160206718346253,0.07276161760091782,0.02616279069767442,0.07042158395051956,0.0022609819121447027,0.15567730367183685,0.11011255532503128,0.9960518479347229,CA_v4a
