head_idx,routing_entropy,dominant_view,mean_pi_FULL,top1_freq_FULL,mean_pi_GEO,top1_freq_GEO,mean_pi_SOCIO,top1_freq_SOCIO,mean_pi_LOWRANK,top1_freq_LOWRANK,mean_beta,beta_std,tau,model
0,0.9967808314889853,SOCIO,0.2226606011390686,0.0,0.2368411421775818,0.0,0.2851872146129608,1.0,0.25531110167503357,0.0,0.5286415219306946,0.003862170036882162,1.0007386207580566,CA_v4d
1,0.9969507503480377,LOWRANK,0.24077025055885315,0.0,0.22385987639427185,0.0,0.2494416981935501,0.0,0.28592807054519653,1.0,0.49640750885009766,0.0041851261630654335,1.0010504722595215,CA_v4d
2,0.9949528278929645,SOCIO,0.21371003985404968,0.0,0.23717071115970612,0.0,0.2943827509880066,1.0,0.2547365128993988,0.0,0.5265700817108154,0.003778549376875162,0.995686411857605,CA_v4d
3,0.9907336635106726,SOCIO,0.19987472891807556,0.0,0.23741638660430908,0.0,0.31091269850730896,1.0,0.2517961263656616,0.0,0.4837307035923004,0.005068872589617968,0.9978488683700562,CA_v4d
