head_idx,routing_entropy,dominant_view,mean_pi_FULL,top1_freq_FULL,mean_pi_GEO,top1_freq_GEO,mean_pi_SOCIO,top1_freq_SOCIO,mean_pi_LOWRANK,top1_freq_LOWRANK,mean_beta,beta_std,tau,model
0,0.9929300539448416,LOWRANK,0.23077276349067688,0.0,0.28294864296913147,0.38,0.20297116041183472,0.0,0.28330740332603455,0.62,0.5127962231636047,0.0029860457871109247,1.0026283264160156,CA_v4c
1,0.997179831238987,GEO,0.23771825432777405,0.0,0.2886437177658081,1.0,0.23769250512123108,0.0,0.2359457165002823,0.0,0.44632139801979065,0.005188771989196539,1.0011560916900635,CA_v4c
2,0.9933898495619233,GEO,0.22518037259578705,0.0,0.30145835876464844,1.0,0.21407194435596466,0.0,0.25928929448127747,0.0,0.46993014216423035,0.003862138371914625,1.0009633302688599,CA_v4c
3,0.9807926363341751,LOWRANK,0.1781439632177353,0.0,0.29996004700660706,0.055,0.2105219066143036,0.0,0.3113740086555481,0.945,0.4694276452064514,0.002351057715713978,0.99626225233078,CA_v4c
