head_idx,routing_entropy,dominant_view,mean_pi_FULL,top1_freq_FULL,mean_pi_GEO,top1_freq_GEO,mean_pi_SOCIO,top1_freq_SOCIO,mean_pi_LOWRANK,top1_freq_LOWRANK,mean_beta,beta_std,tau,model
0,0.9966694727225516,SOCIO,0.22934046387672424,0.0,0.2303682118654251,0.0,0.28573381900787354,0.975,0.25455746054649353,0.025,0.4920393228530884,0.012289196252822876,0.9961276650428772,CA_v4b
1,0.9971373515242239,SOCIO,0.22708986699581146,0.0,0.23894335329532623,0.0,0.28100723028182983,0.985,0.25295954942703247,0.015,0.5021058917045593,0.012967994436621666,0.9967792630195618,CA_v4b
2,0.9957442920522351,SOCIO,0.22564944624900818,0.0,0.2747584581375122,0.365,0.2772826552391052,0.635,0.22230938076972961,0.0,0.44888970255851746,0.0134191382676363,1.0005704164505005,CA_v4b
3,0.9969811912772405,FULL,0.2724337875843048,0.98,0.26096877455711365,0.02,0.21417297422885895,0.0,0.2524243891239166,0.0,0.49319830536842346,0.008171118795871735,0.9980605244636536,CA_v4b
