head_idx,routing_entropy,dominant_view,mean_pi_FULL,top1_freq_FULL,mean_pi_GEO,top1_freq_GEO,mean_pi_SOCIO,top1_freq_SOCIO,mean_pi_LOWRANK,top1_freq_LOWRANK,mean_beta,beta_std,tau,model
0,0.8136115691008052,GEO,0.14190024137496948,0.0006459948320413437,0.45157313346862793,0.6963824289405685,0.16528230905532837,0.0006459948320413437,0.24124383926391602,0.3023255813953488,0.3342321515083313,0.23352614045143127,0.8879881501197815,CA_v4e
1,0.846781433016088,GEO,0.19811785221099854,0.05910852713178295,0.4329632520675659,0.7364341085271318,0.1713610142469406,0.0029069767441860465,0.19755852222442627,0.20155038759689922,0.34983158111572266,0.2320350855588913,1.0307941436767578,CA_v4e
2,0.7579000251282596,GEO,0.2327031046152115,0.17344961240310078,0.4916831851005554,0.7122093023255814,0.1314925104379654,0.02454780361757106,0.14412111043930054,0.08979328165374677,0.2826806604862213,0.21227703988552094,1.1259639263153076,CA_v4e
3,0.601369757471498,GEO,0.10305143147706985,0.00032299741602067185,0.646484911441803,0.8313953488372093,0.14149680733680725,0.10594315245478036,0.10896722972393036,0.062338501291989666,0.40930530428886414,0.22628088295459747,1.0688713788986206,CA_v4e
