{
  "seed": 42,
  "train_samples_used": 14448,
  "n_estimators": 8,
  "device": "cuda",
  "max_eval_rows": null,
  "val": {
    "rmse": 0.4198562570802307,
    "mae": 0.25260671973228455,
    "r2": 0.8646886348724365
  },
  "test": {
    "rmse": 0.3919966077341517,
    "mae": 0.24756310880184174,
    "r2": 0.883793294429779
  }
}
