{
  "seeds": [
    41,
    42,
    43
  ],
  "test_rmse_mean": 0.3931559473907546,
  "test_rmse_std": 0.0037688963600998357,
  "val_rmse_mean": 0.4192899828526558,
  "val_rmse_std": 0.0069167516953966895,
  "runs": [
    {
      "seed": 41,
      "test_rmse": 0.3981892990756643,
      "val_rmse": 0.42802595190108694,
      "duration_seconds": 70.729
    },
    {
      "seed": 42,
      "test_rmse": 0.3891207532666274,
      "val_rmse": 0.4111109204478008,
      "duration_seconds": 69.341
    },
    {
      "seed": 43,
      "test_rmse": 0.3921577898299722,
      "val_rmse": 0.41873307620907957,
      "duration_seconds": 69.012
    }
  ]
}
