{
  "seed": 42,
  "train_samples_used": 8000,
  "n_estimators": 8,
  "device": "cpu",
  "max_eval_rows": null,
  "val": {
    "rmse": 0.43741300262866195,
    "mae": 0.266387939453125,
    "r2": 0.8531356453895569
  },
  "test": {
    "rmse": 0.40667764456710975,
    "mae": 0.25847235321998596,
    "r2": 0.874925971031189
  }
}
