{
  "seed": 42,
  "train_samples_used": 14448,
  "n_estimators": 8,
  "device": "cpu",
  "max_eval_rows": null,
  "duration_seconds": 480.067,
  "val": {
    "rmse": 0.4202005393226336,
    "mae": 0.25295954942703247,
    "r2": 0.864466667175293
  },
  "test": {
    "rmse": 0.3926617927023449,
    "mae": 0.24789854884147644,
    "r2": 0.8833985924720764
  }
}
