{
  "seed": 42,
  "train_samples_used": 14448,
  "n_estimators": 1,
  "device": "cpu",
  "max_eval_rows": null,
  "duration_seconds": 71.005,
  "val": {
    "rmse": 0.4111109204478008,
    "mae": 0.24573558568954468,
    "r2": 0.870266854763031
  },
  "test": {
    "rmse": 0.3891207532666274,
    "mae": 0.2416056990623474,
    "r2": 0.8854921460151672
  }
}
