{
  "seed": 42,
  "train_samples_used": 512,
  "n_estimators": 2,
  "device": "cpu",
  "max_eval_rows": 128,
  "val": {
    "rmse": 0.5415375323299084,
    "mae": 0.3706580698490143,
    "r2": 0.7320139408111572
  },
  "test": {
    "rmse": 0.4911927054872394,
    "mae": 0.35661637783050537,
    "r2": 0.847040057182312
  }
}
