model,accuracy,macro_f1,log_loss
M5_PCA,0.942,0.9413876997922126,
M5_FULL,0.934,0.9331838729201248,
M5_BLOCK,0.9266666666666666,0.9256808916542049,
